<meizu_theme_values>
<color name="mms_editor_sms_count_color">#FF999999</color>
<color name="msg_time_color">#4C000000</color>
<color name="recv_msg_body_text_color">#CC000000</color>
<color name="recv_charge_title_color">#CD000000</color>
<color name="send_msg_body_text_color">#FFFFFFFF</color>
<color name="send_msg_subject_text_color">#FFFFFFFF</color>
<color name="recv_msg_subject_text_color">#cc000000</color>
<color name="send_msg_attachment_name">#CCFFFFFF</color>
<color name="send_msg_attachment_size">#4CFFFFFF</color>
<color name="recv_msg_attachment_name">#CC000000</color>
<color name="recv_msg_attachment_size">#4C000000</color>
<color name="mms_rich_editor_subject_color">#B3000000</color>
<color name="mms_rich_editor_content_color">#B3000000</color>
<color name="mms_editor_attachment_name_color">#FF333333</color>
<color name="mms_editor_attachment_size_color">#FF999999</color>
<color name="cma_custom_contact_drawtextshadow_color">#33000000</color>
<color name="mz_action_bar_title_color">#9932a5e7</color>
<color name="mz_action_bar_subtitle_color">#9932a5e7</color>
</meizu_theme_values>

